Month;#Commits
2018-09;16
2018-10;33
2018-11;18
2018-12;7
2019-01;10
2019-02;84
2019-03;14
2019-04;113
2019-05;14
2019-06;1
2019-07;0
2019-08;21
2019-09;17
2019-10;1
2019-11;20
2019-12;0
2020-01;0
2020-02;0
2020-03;0
2020-04;12
2020-05;22
2020-06;30
2020-07;38
2020-08;21
2020-09;20
2020-10;11
2020-11;8
2020-12;11
2021-01;0
2021-02;30
2021-03;31
2021-04;8
2021-05;10
2021-06;2
2021-07;18
2021-08;55
2021-09;49
2021-10;18
2021-11;2
2021-12;7
2022-01;11
2022-02;1
2022-03;15
2022-04;17
2022-05;0
2022-06;0
2022-07;0
2022-08;0
2022-09;1
2022-10;0
2022-11;35
2022-12;0
2023-01;6
2023-02;0
2023-03;0
2023-04;0
2023-05;0
2023-06;0
2023-07;1
2023-08;0
2023-09;3
2023-10;17
2023-11;34
2023-12;0
2024-01;0
2024-02;1
2024-03;0
2024-04;0
2024-05;0
2024-06;0
2024-07;0
2024-08;0
2024-09;0
2024-10;0
2024-11;0
2024-12;8
2025-01;1
2025-02;29
2025-03;19
2025-04;14
2025-05;2
2025-06;26
2025-07;17
2025-08;4
2025-09;30
