Project;ncommits;nauthors;from;to;nstars;nforks;lastGHCommitDate;LongestGapStart (YYYY-MM);LongestGapEnd (YYYY-MM);LongestGapLength (months);NumCommitsAfterLastGap;ActivityPattern;NumberOfGapsInTimeline;BeforeThemes;AfterThemes;HypothesizedGapReason;HasRecovered;WhyRecovered;WhoRecovered;Currentstatus;RecentThemes;Notes
andergray_probabilityboundsanalysis.jl;406;8;2019-08-27;2025-03-10;26;2;2025-01-13;2022-08;2024-12;29;2;declining;1;Automated bot contributions:Dependency updates;Documentation updates:Automated bot contributions;Commits before the gap were just version bumps and bot updates, so the author seems to have been done with it;No;Only 2 commits after the gap (a README update and a bot merge);Same author (Ander Gray) and a bot;Inactive;Automated bot contributions:Dependency updates;This project was pretty active from 2019 to mid 2022 and then basically stopped. The longest gap was 29 months (2022-08 to 2024-12). It was easy to figure out why since the commits right before the gap were just version bumps and bot updates, so it seems like the author was done with it. It never really came back, with only a README update in 2025.
brownhci_drafty;2490;21;2016-01-28;2025-08-01;9;4;2025-05-29;2018-04;2018-12;9;2384;irregular;5;Bug fixes:Other;Documentation updates:Other;"Old version was finished. Commit after the gap is called ""Old Drafty final commit""";Yes;Project was rewritten in Oct 2019 (old files removed, new README, typescript starter);Same main dev (Shaun Wallace) plus new people for the rewrite;Active;Automated bot contributions:Dependency updates;Drafty's activity was irregular, with a quiet period in 2018 and then big spikes from 2019 to 2022. The longest gap was 9 months in 2018. This one was easy to interpret because right after the gap there's a commit called 'Old Drafty final commit' and then the repo gets cleaned out and restarted. So the gap was between the old version and a rewrite, and new people joined for the rewrite.
computationalmodelling_fidimag;2007;45;2012-12-04;2025-10-17;68;27;2026-09-28;2022-03;2022-08;6;110;declining;6;Other:Dependency updates;Feature development:Documentation updates;No clear reason. Dev was doing CI and packaging work right before, probably just got busy;Yes;Same dev came back and added new features (new NEBM method and minimisers);Same person (davidcortesortuno);Active;Bug fixes:Other;Fidimag peaked around 2016 and has been slowly declining since. The longest gap was 6 months in 2022. This one was a little harder to explain since there wasn't a clear reason in the commits. Right before the gap the developer was doing CI and packaging work, and after it he came back adding new features, so I think he was just busy.
cybergis_job-supervisor;1198;27;2020-07-16;2025-10-31;12;5;2025-06-24;2023-08;2023-10;3;423;cyclical;1;Bug fixes:Automated bot contributions;Bug fixes:Feature development;Mostly dependabot commits before the gap and timing lines up with the start of a semester;Yes;Work started on an exponential backoff feature in Nov 2023;New contributor (John Speaks) then the regular maintainers;Active;Automated bot contributions:Dependency updates;This project has bursts of activity about once a year, so I called it cyclical. The longest gap was only 3 months (Aug to Oct 2023). It was mostly dependabot updates before the gap, and the timing lines up with the start of a school semester, which makes sense for an academic project. A new contributor started it back up in Nov 2023.
hpi-information-systems_metanome;2834;54;2013-03-16;2025-08-25;194;68;2025-06-05;2024-01;2025-01;13;12;declining;6;Automated bot contributions:Dependency updates;Feature development:Automated bot contributions;Commits before the gap were almost all dependabot so nobody was really working on it;Partially;A new feature (relaxed dependencies) was added in 2025 then it went back to bot commits;New contributor (Seegerma);Active;Automated bot contributions:Feature development;Metanome was really active from 2013 to 2015 and then declined a lot. The longest gap was 13 months (2024-01 to 2025-01). It was easy to interpret because the commits before the gap were almost all dependabot, so nobody was really working on it. It came back a little in 2025 when a new contributor added a feature, but then went back to mostly bot commits.
libfive_libfive;3975;114;2015-11-30;2025-08-19;1700;177;2025-11-12;2017-01;2017-04;4;3138;declining;2;Feature development:Bug fixes;Feature development:Other;Not really inactive. Commit after the gap says the code came from another repo (Ao);Yes;Code was moved into this repo in May 2017 and work kept going;Same person (Matt Keeter), lots of new people later;Active;Other:Bug fixes;Libfive was very active from 2016 to 2020 and has declined since, but people still send in PRs. The longest gap was 4 months in early 2017. This was the easiest one to explain because the first commit after the gap says the code came over from another repo called Ao. So it wasn't really inactive, the work was just happening somewhere else.
nasa_smcpy;1064;28;2018-09-07;2025-09-16;137;37;2026-07-24;2024-03;2024-11;9;150;irregular;4;Feature development:Bug fixes;Feature development:Bug fixes;No clear reason. Mostly one developer so he probably just got busy;Yes;Dev came back in Dec 2024 and added new features;Same person (Patrick Leser), new contributor in 2025;Active;Documentation updates:Feature development;SMCPy has irregular bursts of activity. The longest gap was 9 months in 2024. There wasn't a clear reason in the commits, but it's mostly one developer, so my guess is he just got busy. He came back in Dec 2024 and added new features, and a new contributor joined in 2025.
pytorch_fbgemm;15766;852;2018-10-12;2025-11-06;1600;790;2026-09-28;N/A;N/A;0;N/A;rising;0;N/A;N/A;N/A active Project;N/A;N/A;N/A;Active;Automated bot contributions:Bug fixes;FBGEMM never had a month with zero commits, so there was no gap to look at. It's the only project that kept rising the whole time, which makes sense since it's part of PyTorch and Meta has a big team on it. A lot of the recent commits are from bots, which helps explain the really high commit counts.
stardist_stardist;1312;41;2018-06-26;2025-07-31;1300;283;2026-02-14;2018-10;2018-11;2;1299;irregular;0;Documentation updates:Release;Bug fixes:Feature development;Short break right after the first release (only 2 months);Yes;Came back with bug fixes after users reported issues;Same main devs plus a new contributor;Active;Other:Documentation updates;StarDist has irregular activity with spikes around releases. It never had a gap of 3+ months, and the longest was only 2 months right after its first release in 2018. That was easy to interpret since the authors had just finished a release. They came back with bug fixes after users reported issues.
wsshin_maxwellfdfd;369;4;2012-10-27;2025-04-16;123;51;2025-04-15;2019-03;2025-03;73;1;declining;5;Bug fixes:Documentation updates;Bug fixes:N/A;One person project and the commits after 2016 were all small fixes so it was basically finished;No;Only 1 small fix after the gap;Same person (Wonseok Shin);Active;Bug fixes:Documentation updates;MaxwellFDFD was active from 2012 to 2016 and then pretty much stopped. It had the longest gap of all my projects at 73 months (2019 to 2025). This was easy to interpret since it's basically a one person project and the commits after 2016 were all small fixes. There's only 1 commit after the gap, so it didn't really recover.
